name,email,phone,company,website,city,country_code,address,review_count,review_score,segment,source,niche,place_id,instagram,facebook,linkedin
HOSTAL BOUTIQUE BLACK CAT,reservas@blackcathostal.com,+56 9 4910 5984,HOSTAL BOUTIQUE BLACK CAT,http://www.blackcathostal.com/,Santiago,CL,,193,4.6,chile_santiago_hotel_apify_2026_05_12,apify_google_maps,tourism,,,,
Hostal Low Cost,,+56 9 7136 5080,Hostal Low Cost,https://www.webpay.cl/company/60461,Santiago,CL,,51,3.2,chile_santiago_hotel_apify_2026_05_12,apify_google_maps,tourism,,,,
Hostal Forestal,reservas@hostalforestal.com,+56 9 7132 1606,Hostal Forestal,https://www.hostalforestal.com/,Santiago,CL,,632,4.5,chile_santiago_hotel_apify_2026_05_12,apify_google_maps,tourism,,,,
Casa Bueras Boutique - Hotel en Lastarria,info@lastarriahotel.com,+56 2 2840 3700,Casa Bueras Boutique - Hotel en Lastarria,http://www.casabuerashotel.com/,Santiago,CL,,282,4.5,chile_santiago_hotel_apify_2026_05_12,apify_google_maps,tourism,,,,
Casa Bueras Boutique - Hotel en Lastarria,reservas@lastarriahotel.com,+56 2 2840 3700,Casa Bueras Boutique - Hotel en Lastarria,http://www.casabuerashotel.com/,Santiago,CL,,282,4.5,chile_santiago_hotel_apify_2026_05_12,apify_google_maps,tourism,,,,
Departamentos Torre San Isidro 45,departamentos@torresanisidro.cl,+56 9 3888 8132,Departamentos Torre San Isidro 45,http://www.torresanisidro.cl/,Santiago,CL,,62,4.4,chile_santiago_hotel_apify_2026_05_12,apify_google_maps,tourism,,,,
Le Méridien Santiago,,+56 2 2638 1042,Le Méridien Santiago,https://www.marriott.com/en-us/hotels/sclhp-le-meridien-santiago/overview/?scid=f2ae0541-1279-4f24-b197-a979c79310b0,"Santiago de Chle, Santiago",CL,,369,4.3,chile_santiago_hotel_apify_2026_05_12,apify_google_maps,tourism,,,,
Lastarria Hotel,contacto@lastarria.cl,+56 2 2638 3230,Lastarria Hotel,http://lastarria.cl/,Santiago,CL,,70,4.2,chile_santiago_hotel_apify_2026_05_12,apify_google_maps,tourism,,,,
Concha Y Toro 33 Hotel Boutique By Nobile,,+56 9 9952 9909,Concha Y Toro 33 Hotel Boutique By Nobile,https://www.nobilehoteis.com.br/america-latina/chile/santiago/concha-y-toro-33-hotel-boutique-by-nobile/,Santiago,CL,,62,4.6,chile_santiago_hotel_apify_2026_05_12,apify_google_maps,tourism,,,,
Hostal Merced 88,contacto@merced88.cl,+56 9 6227 9463,Hostal Merced 88,http://www.merced88.cl/,Santiago,CL,,563,4.5,chile_santiago_hotel_apify_2026_05_12,apify_google_maps,tourism,,,,
Hostal Merced 88,zolledezma@cafcapital.cl,+56 9 6227 9463,Hostal Merced 88,http://www.merced88.cl/,Santiago,CL,,563,4.5,chile_santiago_hotel_apify_2026_05_12,apify_google_maps,tourism,,,,
VIP Apartments Chile,,+56 9 7602 1046,VIP Apartments Chile,http://www.vipapartments.cl/,Santiago,CL,,275,4.2,chile_santiago_hotel_apify_2026_05_12,apify_google_maps,tourism,,,,
Hotel Plaza San Francisco,hotel@plazasanfrancisco.cl,+56 2 2360 4530,Hotel Plaza San Francisco,http://www.plazasanfrancisco.cl/,Santiago,CL,,4524,4.6,chile_santiago_hotel_apify_2026_05_12,apify_google_maps,tourism,,,,
Hotel Plaza San Francisco,reservas@plazasanfrancisco.cl,+56 2 2360 4530,Hotel Plaza San Francisco,http://www.plazasanfrancisco.cl/,Santiago,CL,,4524,4.6,chile_santiago_hotel_apify_2026_05_12,apify_google_maps,tourism,,,,
"Gatos de campo, tiernos y traviesos",,+56 9 9891 3632,"Gatos de campo, tiernos y traviesos",https://www.instagram.com/gatosdecampotiernosytraviesos,Santiago,CL,,303,4.8,chile_santiago_hotel_apify_2026_05_12,apify_google_maps,tourism,,,,
HOTEL BLU BASCUÑAN,,+56 9 4775 2556,HOTEL BLU BASCUÑAN,https://www.webpay.cl/form-pay/284365,Santiago,CL,,213,3.7,chile_santiago_hotel_apify_2026_05_12,apify_google_maps,tourism,,,,
Hotel Mercure Santiago Centro,h8924-re@accor.com,+56 2 2595 6622,Hotel Mercure Santiago Centro,https://all.accor.com/hotel/8924/index.es.shtml,Santiago,CL,,2407,4.2,chile_santiago_hotel_apify_2026_05_12,apify_google_maps,tourism,,,,
Debaines Hotel Santiago,,+56 2 2381 5060,Debaines Hotel Santiago,http://debaines.com/,Santiago,CL,,99,4.6,chile_santiago_hotel_apify_2026_05_12,apify_google_maps,tourism,,,,
HOTEL ASIA PACIFICO,hotel@asiapacifico.cl,+56 9 3425 7629,HOTEL ASIA PACIFICO,https://www.asiapacifico.cl/,Santiago,CL,,35,4,chile_santiago_hotel_apify_2026_05_12,apify_google_maps,tourism,,,,
Hotel Luciano K,reservas@lucianokhotel.com,+56 2 2620 0900,Hotel Luciano K,http://www.lucianokhotel.com/,Santiago,CL,,669,4.4,chile_santiago_hotel_apify_2026_05_12,apify_google_maps,tourism,,,,
Hotel Luciano K,info@lucianokhotel.com,+56 2 2620 0900,Hotel Luciano K,http://www.lucianokhotel.com/,Santiago,CL,,669,4.4,chile_santiago_hotel_apify_2026_05_12,apify_google_maps,tourism,,,,
Hotel Luciano K,reservas@lucianohotel.com,+56 2 2620 0900,Hotel Luciano K,http://www.lucianokhotel.com/,Santiago,CL,,669,4.4,chile_santiago_hotel_apify_2026_05_12,apify_google_maps,tourism,,,,
Hotel Cumbres Lastarria,,+56 2 2496 9000,Hotel Cumbres Lastarria,http://www.cumbreslastarria.com/,Santiago,CL,,1384,4.6,chile_santiago_hotel_apify_2026_05_12,apify_google_maps,tourism,,,,
Hotel Santa Lucia,,+56 2 2639 8201,Hotel Santa Lucia,http://www.hotelsantalucia.cl/,Santiago,CL,,1592,3.8,chile_santiago_hotel_apify_2026_05_12,apify_google_maps,tourism,,,,
Hotel HW Express,centraldereservas@hoteleshw.com,,Hotel HW Express,http://www.hoteleshw.com/,Santiago,CL,,82,4.2,chile_santiago_hotel_apify_2026_05_12,apify_google_maps,tourism,,,,
Hotelera EB,reservas@hoteleraeb.cl,+56 2 2688 0079,Hotelera EB,https://www.hoteleraeb.cl/,Santiago,CL,,0,0,chile_santiago_hotel_apify_2026_05_12,apify_google_maps,tourism,,,,
GOROOM,,+56 9 3426 7126,GOROOM,https://www.goroom.cl/,Santiago,CL,,0,0,chile_santiago_hotel_apify_2026_05_12,apify_google_maps,tourism,,,,
Hotel Vegas,reservas@hotelvegas.net,+56 5626322514,Hotel Vegas,http://www.hotelvegassantiago.com/,Santiago,CL,,338,4.2,chile_santiago_hotel_apify_2026_05_12,apify_google_maps,tourism,,,,
Viajo A Chile,,+56 2 3210 2281,Viajo A Chile,http://www.viajoachile.com/,Santiago,CL,,0,0,chile_santiago_hotel_apify_2026_05_12,apify_google_maps,tourism,,,,
Nest Paris-Londres,,+56 9 6428 8130,Nest Paris-Londres,https://nestrentalapartments.com/properties/paris-londres/,Santiago,CL,,44,4.8,chile_santiago_hotel_apify_2026_05_12,apify_google_maps,tourism,,,,
Hotel Gran Palace,reservas@hotelgranpalace.cl,+56 2 2671 2551,Hotel Gran Palace,http://www.hotelgranpalace.cl/,Santiago,CL,,1679,4.2,chile_santiago_hotel_apify_2026_05_12,apify_google_maps,tourism,,,,
Hotel Gran Palace,eventos@hotelgranpalace.cl,+56 2 2671 2551,Hotel Gran Palace,http://www.hotelgranpalace.cl/,Santiago,CL,,1679,4.2,chile_santiago_hotel_apify_2026_05_12,apify_google_maps,tourism,,,,
Hostal El Pino | Victoria,,+56 45 284 1105,Hostal El Pino | Victoria,http://hostalelpino.cl/contacto.html,"Victoria, Santiago",CL,,0,0,chile_santiago_hotel_apify_2026_05_12,apify_google_maps,tourism,,,,
Apart Hotel HW (Compañía),centraldereservas@hoteleshw.com,+56 9 6870 0326,Apart Hotel HW (Compañía),http://www.hoteleshw.com/,Santiago,CL,,0,0,chile_santiago_hotel_apify_2026_05_12,apify_google_maps,tourism,,,,
Hotel San Francisco 22,,+56 2 2638 5581,Hotel San Francisco 22,http://www.sanfrancisco22.cl/,Santiago,CL,,965,4.4,chile_santiago_hotel_apify_2026_05_12,apify_google_maps,tourism,,,,
Intimo Hotel Los Heroes,contacto@hotelesintimo.cl,+56 2 2620 5200,Intimo Hotel Los Heroes,https://intimohoteles.cl/,Santiago,CL,,10,3.7,chile_santiago_hotel_apify_2026_05_12,apify_google_maps,tourism,,,,
VRSuite,,+56 9 8361 4265,VRSuite,https://www.vrsuite.cl//,Santiago,CL,,93,3.8,chile_santiago_hotel_apify_2026_05_12,apify_google_maps,tourism,,,,
Gran Santiago Apartments,,+56 9 3927 9730,Gran Santiago Apartments,https://www.alojamientosantiago.com/,Santiago,CL,,109,4.5,chile_santiago_hotel_apify_2026_05_12,apify_google_maps,tourism,,,,
Almacruz Hotel y Centro de Convenciones,turismo@vinasantacruz.cl,+56 2 2470 7400,Almacruz Hotel y Centro de Convenciones,http://www.almacruz.cl/,Santiago,CL,,3487,4.3,chile_santiago_hotel_apify_2026_05_12,apify_google_maps,tourism,,,,
Almacruz Hotel y Centro de Convenciones,reservasmakemake@almacruz.cl,+56 2 2470 7400,Almacruz Hotel y Centro de Convenciones,http://www.almacruz.cl/,Santiago,CL,,3487,4.3,chile_santiago_hotel_apify_2026_05_12,apify_google_maps,tourism,,,,
centro city spa,,+56 9 7496 2786,centro city spa,https://centrocity.cl/,Santiago,CL,,0,0,chile_santiago_hotel_apify_2026_05_12,apify_google_maps,tourism,,,,
Departamento Amoblado Silva - Santiago Centro,,+56 9 9547 5469,Departamento Amoblado Silva - Santiago Centro,http://www.departamentoamobladosilva.cl/,Santiago,CL,,1,1,chile_santiago_hotel_apify_2026_05_12,apify_google_maps,tourism,,,,
Hotel Casa Zañartu,,+56 9 4432 8263,Hotel Casa Zañartu,https://direct-book.com/properties/HotelCasaZanartuDirect?locale=es&_gads_gcid=731761819&_gads_gclabel=4ZV2CPGWq7MBEJuZ99wC&_gha_gcid=100233201&_gha_phid=efd99531-dbca-4af5-b97a-7080f77437dd&_src=DemandPlus&abw=3&booking_source=cpc&campaign_id=14790890783&cdow=Friday&country=CL&currency=USD&device=desktop&gad_source=1&gclid=Cj0KCQiAoae5BhCNARIsADVLzZeyxL4R11qOF0VyqgwP8yUtJFiTF_dDBaTGn7-prtVJWoWEyplKIooaAsWgEALw_wcB&los=1&meta=Google&tsd=default&utm_source=GoogleHotelAds&trackPage=yes&selected=1&items[0][adults]=2&items[0][children]=0&items[0][infants]=0&checkInDate=2024-11-05&checkOutDate=2024-11-06,Santiago,CL,,656,4.3,chile_santiago_hotel_apify_2026_05_12,apify_google_maps,tourism,,,,
Motel El Duende,,+56 2 2597 0320,Motel El Duende,http://www.hotelelduende.cl/,Santiago,CL,,379,3.4,chile_santiago_hotel_apify_2026_05_12,apify_google_maps,tourism,,,,
A&G Apart Hotel,contacto@aygaparthotel.cl,+56 9 8291 4213,A&G Apart Hotel,http://www.aygaparthotel.cl/,Santiago,CL,,9,4,chile_santiago_hotel_apify_2026_05_12,apify_google_maps,tourism,,,,
Hotel Fundador,reservas@hfundador.com,+56 2 3210 1525,Hotel Fundador,https://fundador.cl/,Santiago,CL,,2395,4.2,chile_santiago_hotel_apify_2026_05_12,apify_google_maps,tourism,,,,
Hotel Fundador,reservas1@hoas.cl,+56 2 3210 1525,Hotel Fundador,https://fundador.cl/,Santiago,CL,,2395,4.2,chile_santiago_hotel_apify_2026_05_12,apify_google_maps,tourism,,,,
Hotel Fundador,eventos@hfundador.com,+56 2 3210 1525,Hotel Fundador,https://fundador.cl/,Santiago,CL,,2395,4.2,chile_santiago_hotel_apify_2026_05_12,apify_google_maps,tourism,,,,
RQ Santiago.,reservas@rq.cl,+56 2 2795 3030,RQ Santiago.,http://www.rq.cl/santiago/,Santiago,CL,,860,4.3,chile_santiago_hotel_apify_2026_05_12,apify_google_maps,tourism,,,,
Hotel Panamericano,contacto@hotelpanamericano.cl,+56 2 2432 3300,Hotel Panamericano,https://www.panamericano.cl/,Santiago,CL,,2657,4.3,chile_santiago_hotel_apify_2026_05_12,apify_google_maps,tourism,,,,
Hotel Diego de Almagro Santiago,recepcion-scl@dahoteles.com,+56 2 3273 3200,Hotel Diego de Almagro Santiago,https://www.dahoteles.com/?idioma=es&pagina=da-santiago-centro#hotel,Santiago,CL,,1511,4,chile_santiago_hotel_apify_2026_05_12,apify_google_maps,tourism,,,,
Hotel Diego de Almagro Santiago,centraldereservas@dahoteles.com,+56 2 3273 3200,Hotel Diego de Almagro Santiago,https://www.dahoteles.com/?idioma=es&pagina=da-santiago-centro#hotel,Santiago,CL,,1511,4,chile_santiago_hotel_apify_2026_05_12,apify_google_maps,tourism,,,,
Hotel Diego de Almagro Santiago,comercial@dahoteles.com,+56 2 3273 3200,Hotel Diego de Almagro Santiago,https://www.dahoteles.com/?idioma=es&pagina=da-santiago-centro#hotel,Santiago,CL,,1511,4,chile_santiago_hotel_apify_2026_05_12,apify_google_maps,tourism,,,,
Hotel Diego de Almagro Santiago,grupos@dahoteles.com,+56 2 3273 3200,Hotel Diego de Almagro Santiago,https://www.dahoteles.com/?idioma=es&pagina=da-santiago-centro#hotel,Santiago,CL,,1511,4,chile_santiago_hotel_apify_2026_05_12,apify_google_maps,tourism,,,,
Hotel Diego de Almagro Santiago,eventos@dahoteles.com,+56 2 3273 3200,Hotel Diego de Almagro Santiago,https://www.dahoteles.com/?idioma=es&pagina=da-santiago-centro#hotel,Santiago,CL,,1511,4,chile_santiago_hotel_apify_2026_05_12,apify_google_maps,tourism,,,,
Hotel Diego de Almagro Santiago,cobranzas@dahoteles.com,+56 2 3273 3200,Hotel Diego de Almagro Santiago,https://www.dahoteles.com/?idioma=es&pagina=da-santiago-centro#hotel,Santiago,CL,,1511,4,chile_santiago_hotel_apify_2026_05_12,apify_google_maps,tourism,,,,
Hotel Diego de Almagro Santiago,recursos.humanos@dahoteles.com,+56 2 3273 3200,Hotel Diego de Almagro Santiago,https://www.dahoteles.com/?idioma=es&pagina=da-santiago-centro#hotel,Santiago,CL,,1511,4,chile_santiago_hotel_apify_2026_05_12,apify_google_maps,tourism,,,,
Hotel Diego de Almagro Santiago,servicioalcliente@dahoteles.com,+56 2 3273 3200,Hotel Diego de Almagro Santiago,https://www.dahoteles.com/?idioma=es&pagina=da-santiago-centro#hotel,Santiago,CL,,1511,4,chile_santiago_hotel_apify_2026_05_12,apify_google_maps,tourism,,,,
Hotel Diego de Almagro Santiago,recepcion-arica@dahoteles.com,+56 2 3273 3200,Hotel Diego de Almagro Santiago,https://www.dahoteles.com/?idioma=es&pagina=da-santiago-centro#hotel,Santiago,CL,,1511,4,chile_santiago_hotel_apify_2026_05_12,apify_google_maps,tourism,,,,
Hotel Diego de Almagro Santiago,recepcion-iqq@dahoteles.com,+56 2 3273 3200,Hotel Diego de Almagro Santiago,https://www.dahoteles.com/?idioma=es&pagina=da-santiago-centro#hotel,Santiago,CL,,1511,4,chile_santiago_hotel_apify_2026_05_12,apify_google_maps,tourism,,,,
Hotel Diego de Almagro Santiago,recepcion-sanpedro@dahoteles.com,+56 2 3273 3200,Hotel Diego de Almagro Santiago,https://www.dahoteles.com/?idioma=es&pagina=da-santiago-centro#hotel,Santiago,CL,,1511,4,chile_santiago_hotel_apify_2026_05_12,apify_google_maps,tourism,,,,
Hotel Diego de Almagro Santiago,recepcion-cjc1@dahoteles.com,+56 2 3273 3200,Hotel Diego de Almagro Santiago,https://www.dahoteles.com/?idioma=es&pagina=da-santiago-centro#hotel,Santiago,CL,,1511,4,chile_santiago_hotel_apify_2026_05_12,apify_google_maps,tourism,,,,
Hotel Diego de Almagro Santiago,recepcion-altoelloa@dahoteles.com,+56 2 3273 3200,Hotel Diego de Almagro Santiago,https://www.dahoteles.com/?idioma=es&pagina=da-santiago-centro#hotel,Santiago,CL,,1511,4,chile_santiago_hotel_apify_2026_05_12,apify_google_maps,tourism,,,,
Hotel Diego de Almagro Santiago,recepcion-anf1@dahoteles.com,+56 2 3273 3200,Hotel Diego de Almagro Santiago,https://www.dahoteles.com/?idioma=es&pagina=da-santiago-centro#hotel,Santiago,CL,,1511,4,chile_santiago_hotel_apify_2026_05_12,apify_google_maps,tourism,,,,
Hotel Diego de Almagro Santiago,recepcion-cpo@dahoteles.com,+56 2 3273 3200,Hotel Diego de Almagro Santiago,https://www.dahoteles.com/?idioma=es&pagina=da-santiago-centro#hotel,Santiago,CL,,1511,4,chile_santiago_hotel_apify_2026_05_12,apify_google_maps,tourism,,,,
Hotel Diego de Almagro Santiago,recepcion-laserena@dahoteles.com,+56 2 3273 3200,Hotel Diego de Almagro Santiago,https://www.dahoteles.com/?idioma=es&pagina=da-santiago-centro#hotel,Santiago,CL,,1511,4,chile_santiago_hotel_apify_2026_05_12,apify_google_maps,tourism,,,,
Hotel Diego de Almagro Santiago,recepcion-providencia@dahoteles.com,+56 2 3273 3200,Hotel Diego de Almagro Santiago,https://www.dahoteles.com/?idioma=es&pagina=da-santiago-centro#hotel,Santiago,CL,,1511,4,chile_santiago_hotel_apify_2026_05_12,apify_google_maps,tourism,,,,
Hotel Diego de Almagro Santiago,recepcion-aeropuerto@dahoteles.com,+56 2 3273 3200,Hotel Diego de Almagro Santiago,https://www.dahoteles.com/?idioma=es&pagina=da-santiago-centro#hotel,Santiago,CL,,1511,4,chile_santiago_hotel_apify_2026_05_12,apify_google_maps,tourism,,,,
Hotel Diego de Almagro Santiago,recepcion-pudahuel@dahoteles.com,+56 2 3273 3200,Hotel Diego de Almagro Santiago,https://www.dahoteles.com/?idioma=es&pagina=da-santiago-centro#hotel,Santiago,CL,,1511,4,chile_santiago_hotel_apify_2026_05_12,apify_google_maps,tourism,,,,
Hotel Diego de Almagro Santiago,recepcion-vps@dahoteles.com,+56 2 3273 3200,Hotel Diego de Almagro Santiago,https://www.dahoteles.com/?idioma=es&pagina=da-santiago-centro#hotel,Santiago,CL,,1511,4,chile_santiago_hotel_apify_2026_05_12,apify_google_maps,tourism,,,,
Hotel Diego de Almagro Santiago,recepcion-vdelmar@dahoteles.com,+56 2 3273 3200,Hotel Diego de Almagro Santiago,https://www.dahoteles.com/?idioma=es&pagina=da-santiago-centro#hotel,Santiago,CL,,1511,4,chile_santiago_hotel_apify_2026_05_12,apify_google_maps,tourism,,,,
Hotel Diego de Almagro Santiago,recepcion-rcg@dahoteles.com,+56 2 3273 3200,Hotel Diego de Almagro Santiago,https://www.dahoteles.com/?idioma=es&pagina=da-santiago-centro#hotel,Santiago,CL,,1511,4,chile_santiago_hotel_apify_2026_05_12,apify_google_maps,tourism,,,,
Hotel Diego de Almagro Santiago,recepcion-curico@dahoteles.com,+56 2 3273 3200,Hotel Diego de Almagro Santiago,https://www.dahoteles.com/?idioma=es&pagina=da-santiago-centro#hotel,Santiago,CL,,1511,4,chile_santiago_hotel_apify_2026_05_12,apify_google_maps,tourism,,,,
Hotel Diego de Almagro Santiago,recepcion-tlx@dahoteles.com,+56 2 3273 3200,Hotel Diego de Almagro Santiago,https://www.dahoteles.com/?idioma=es&pagina=da-santiago-centro#hotel,Santiago,CL,,1511,4,chile_santiago_hotel_apify_2026_05_12,apify_google_maps,tourism,,,,
Hotel Diego de Almagro Santiago,recepcion-chillan@dahoteles.com,+56 2 3273 3200,Hotel Diego de Almagro Santiago,https://www.dahoteles.com/?idioma=es&pagina=da-santiago-centro#hotel,Santiago,CL,,1511,4,chile_santiago_hotel_apify_2026_05_12,apify_google_maps,tourism,,,,
Hotel Diego de Almagro Santiago,recepcion-ccp1@dahoteles.com,+56 2 3273 3200,Hotel Diego de Almagro Santiago,https://www.dahoteles.com/?idioma=es&pagina=da-santiago-centro#hotel,Santiago,CL,,1511,4,chile_santiago_hotel_apify_2026_05_12,apify_google_maps,tourism,,,,
Hotel Diego de Almagro Santiago,recepcion-lomasverdes@dahoteles.com,+56 2 3273 3200,Hotel Diego de Almagro Santiago,https://www.dahoteles.com/?idioma=es&pagina=da-santiago-centro#hotel,Santiago,CL,,1511,4,chile_santiago_hotel_apify_2026_05_12,apify_google_maps,tourism,,,,
Hotel Diego de Almagro Santiago,recepcion-lsq@dahoteles.com,+56 2 3273 3200,Hotel Diego de Almagro Santiago,https://www.dahoteles.com/?idioma=es&pagina=da-santiago-centro#hotel,Santiago,CL,,1511,4,chile_santiago_hotel_apify_2026_05_12,apify_google_maps,tourism,,,,
Hotel Diego de Almagro Santiago,recepcion-zco@dahoteles.com,+56 2 3273 3200,Hotel Diego de Almagro Santiago,https://www.dahoteles.com/?idioma=es&pagina=da-santiago-centro#hotel,Santiago,CL,,1511,4,chile_santiago_hotel_apify_2026_05_12,apify_google_maps,tourism,,,,
Hotel Diego de Almagro Santiago,recepcion-zal@dahoteles.com,+56 2 3273 3200,Hotel Diego de Almagro Santiago,https://www.dahoteles.com/?idioma=es&pagina=da-santiago-centro#hotel,Santiago,CL,,1511,4,chile_santiago_hotel_apify_2026_05_12,apify_google_maps,tourism,,,,
Hotel Diego de Almagro Santiago,recepcion-osorno@dahoteles.com,+56 2 3273 3200,Hotel Diego de Almagro Santiago,https://www.dahoteles.com/?idioma=es&pagina=da-santiago-centro#hotel,Santiago,CL,,1511,4,chile_santiago_hotel_apify_2026_05_12,apify_google_maps,tourism,,,,
Hotel Diego de Almagro Santiago,recepcion-pmc@dahoteles.com,+56 2 3273 3200,Hotel Diego de Almagro Santiago,https://www.dahoteles.com/?idioma=es&pagina=da-santiago-centro#hotel,Santiago,CL,,1511,4,chile_santiago_hotel_apify_2026_05_12,apify_google_maps,tourism,,,,
Hotel Diego de Almagro Santiago,recepcion-castro@dahoteles.com,+56 2 3273 3200,Hotel Diego de Almagro Santiago,https://www.dahoteles.com/?idioma=es&pagina=da-santiago-centro#hotel,Santiago,CL,,1511,4,chile_santiago_hotel_apify_2026_05_12,apify_google_maps,tourism,,,,
Hotel Diego de Almagro Santiago,recepcion-gxq@dahoteles.com,+56 2 3273 3200,Hotel Diego de Almagro Santiago,https://www.dahoteles.com/?idioma=es&pagina=da-santiago-centro#hotel,Santiago,CL,,1511,4,chile_santiago_hotel_apify_2026_05_12,apify_google_maps,tourism,,,,
Hotel Diego de Almagro Santiago,recepcion-puq@dahoteles.com,+56 2 3273 3200,Hotel Diego de Almagro Santiago,https://www.dahoteles.com/?idioma=es&pagina=da-santiago-centro#hotel,Santiago,CL,,1511,4,chile_santiago_hotel_apify_2026_05_12,apify_google_maps,tourism,,,,
Hotel Diego de Almagro Santiago,recepcion-anf2@dahoteles.com,+56 2 3273 3200,Hotel Diego de Almagro Santiago,https://www.dahoteles.com/?idioma=es&pagina=da-santiago-centro#hotel,Santiago,CL,,1511,4,chile_santiago_hotel_apify_2026_05_12,apify_google_maps,tourism,,,,
Hotel Diego de Almagro Santiago,recepcion-calamaexpress@dahoteles.com,+56 2 3273 3200,Hotel Diego de Almagro Santiago,https://www.dahoteles.com/?idioma=es&pagina=da-santiago-centro#hotel,Santiago,CL,,1511,4,chile_santiago_hotel_apify_2026_05_12,apify_google_maps,tourism,,,,
Hotel Diego de Almagro Santiago,recepcion-lsc@dahoteles.com,+56 2 3273 3200,Hotel Diego de Almagro Santiago,https://www.dahoteles.com/?idioma=es&pagina=da-santiago-centro#hotel,Santiago,CL,,1511,4,chile_santiago_hotel_apify_2026_05_12,apify_google_maps,tourism,,,,
Hotel Diego de Almagro Santiago,recepcion-pastene@dahoteles.com,+56 2 3273 3200,Hotel Diego de Almagro Santiago,https://www.dahoteles.com/?idioma=es&pagina=da-santiago-centro#hotel,Santiago,CL,,1511,4,chile_santiago_hotel_apify_2026_05_12,apify_google_maps,tourism,,,,
Hotel Diego de Almagro Santiago,recepcion-talcaexpress@dahoteles.com,+56 2 3273 3200,Hotel Diego de Almagro Santiago,https://www.dahoteles.com/?idioma=es&pagina=da-santiago-centro#hotel,Santiago,CL,,1511,4,chile_santiago_hotel_apify_2026_05_12,apify_google_maps,tourism,,,,
Hotel Diego de Almagro Santiago,recepcion-temucoexpress@dahoteles.com,+56 2 3273 3200,Hotel Diego de Almagro Santiago,https://www.dahoteles.com/?idioma=es&pagina=da-santiago-centro#hotel,Santiago,CL,,1511,4,chile_santiago_hotel_apify_2026_05_12,apify_google_maps,tourism,,,,
BHB Hotel Boutique,reservas@bhb.cl,+56 9 3949 0776,BHB Hotel Boutique,https://www.bhb.cl/,Santiago,CL,,88,4.9,chile_santiago_hotel_apify_2026_05_12,apify_google_maps,tourism,,,,
Che Lagarto Hostel Santiago,reservas@chelagarto.com,,Che Lagarto Hostel Santiago,https://www.chelagarto.com/pt/component/chelagarto/hostels/9-hostel-santiago.html,Santiago,CL,,820,4.2,chile_santiago_hotel_apify_2026_05_12,apify_google_maps,tourism,,,,
Che Lagarto Hostel Santiago,administrativo@campeloadvogados.com,,Che Lagarto Hostel Santiago,https://www.chelagarto.com/pt/component/chelagarto/hostels/9-hostel-santiago.html,Santiago,CL,,820,4.2,chile_santiago_hotel_apify_2026_05_12,apify_google_maps,tourism,,,,
Maktvb Brasil - Hostal Boutique,ventas@maktvb.com,+56 9 3241 3751,Maktvb Brasil - Hostal Boutique,http://www.maktvb.com/,Santiago,CL,,356,4.6,chile_santiago_hotel_apify_2026_05_12,apify_google_maps,tourism,,,,
Maktvb Brasil - Hostal Boutique,hola@maktubhostal.com,+56 9 3241 3751,Maktvb Brasil - Hostal Boutique,http://www.maktvb.com/,Santiago,CL,,356,4.6,chile_santiago_hotel_apify_2026_05_12,apify_google_maps,tourism,,,,
Secretos de la Naturaleza - Boutique Naturista,secretosdelanaturaleza@yahoo.com,+56 2 2671 8106,Secretos de la Naturaleza - Boutique Naturista,http://www.secretosdelanaturaleza.cl/,Santiago,CL,,25,3.8,chile_santiago_hotel_apify_2026_05_12,apify_google_maps,tourism,,,,
Plaza de Armas Hostel,,+56 9 6203 3884,Plaza de Armas Hostel,http://www.plazadearmashostel.com/,Santiago,CL,,535,3.9,chile_santiago_hotel_apify_2026_05_12,apify_google_maps,tourism,,,,
Motel Santa Elena (ex Centro Hotel),,+56 9 9982 6024,Motel Santa Elena (ex Centro Hotel),http://www.motelsantaelena.cl/,Santiago,CL,,227,4.3,chile_santiago_hotel_apify_2026_05_12,apify_google_maps,tourism,,,,
Matildas Hotel Boutique,reservas@matildashotel.com,+56 9 6320 3628,Matildas Hotel Boutique,http://www.matildashotel.com/,Santiago,CL,,332,4.6,chile_santiago_hotel_apify_2026_05_12,apify_google_maps,tourism,,,,
Boutique Urbano en el Centro de Santiago,,,Boutique Urbano en el Centro de Santiago,https://www.booking.com/hotel/cl/boutique-urbano-en-el-centro-de-santiago.en-gb.html?aid=2068758&utm_source=seogooglelocal&utm_medium=description&utm_term=hotel-15340404&utm_campaign=en-gb&label=seogooglelocal-link-imagesaow-hotel-15340404_grp-0_gendate-20260503,Santiago,CL,,0,0,chile_santiago_hotel_apify_2026_05_12,apify_google_maps,tourism,,,,
Cívico la moneda,admincivico@civicochile.cl,+56 9 8294 3708,Cívico la moneda,https://civicochile.cl/civico/,Santiago,CL,,163,4.2,chile_santiago_hotel_apify_2026_05_12,apify_google_maps,tourism,,,,
Cívico la moneda,relacionespublicas@cuerovaca.com,+56 9 8294 3708,Cívico la moneda,https://civicochile.cl/civico/,Santiago,CL,,163,4.2,chile_santiago_hotel_apify_2026_05_12,apify_google_maps,tourism,,,,
Hotel Boutique Casa Conde,recepcion@casaconde.cl,+56 9 5222 1303,Hotel Boutique Casa Conde,https://casaconde.cl/,Santiago,CL,,88,4.8,chile_santiago_hotel_apify_2026_05_12,apify_google_maps,tourism,,,,
Torre Entel,,,Torre Entel,https://informacioncorporativa.entel.cl/sobre-entel/historia/torre-entel,Santiago,CL,,6082,4.1,chile_santiago_hotel_apify_2026_05_12,apify_google_maps,tourism,,,,
"The Singular Santiago, Lastarria Hotel",marketing@thesingular.com,+56 2 2306 8800,"The Singular Santiago, Lastarria Hotel",https://www.thesingular.com/,Santiago,CL,,2109,4.7,chile_santiago_hotel_apify_2026_05_12,apify_google_maps,tourism,,,,
Museo Chileno de Arte Precolombino (MChAP),informaciones@museoprecolombino.cl,+56 2 2928 1500,Museo Chileno de Arte Precolombino (MChAP),https://museo.precolombino.cl/,Santiago,CL,,10441,4.7,chile_santiago_hotel_apify_2026_05_12,apify_google_maps,tourism,,,,
Museo Chileno de Arte Precolombino (MChAP),membresias@museoprecolombino.cl,+56 2 2928 1500,Museo Chileno de Arte Precolombino (MChAP),https://museo.precolombino.cl/,Santiago,CL,,10441,4.7,chile_santiago_hotel_apify_2026_05_12,apify_google_maps,tourism,,,,
Hotel Boutique Tremo Parque Forestal,bellasartes@tremohotel.cl,+56 2 2664 3769,Hotel Boutique Tremo Parque Forestal,https://tremohotel.cl/parqueforestal/index.html,Santiago,CL,,376,3.1,chile_santiago_hotel_apify_2026_05_12,apify_google_maps,tourism,,,,
Hotel Boutique Tremo Parque Forestal,reservas@tremohotel.cl,+56 2 2664 3769,Hotel Boutique Tremo Parque Forestal,https://tremohotel.cl/parqueforestal/index.html,Santiago,CL,,376,3.1,chile_santiago_hotel_apify_2026_05_12,apify_google_maps,tourism,,,,
Hotel Boutique Tremo Parque Forestal,bellavista@tremohotel.cl,+56 2 2664 3769,Hotel Boutique Tremo Parque Forestal,https://tremohotel.cl/parqueforestal/index.html,Santiago,CL,,376,3.1,chile_santiago_hotel_apify_2026_05_12,apify_google_maps,tourism,,,,
Hotel Boutique Tremo Parque Forestal,reservas@onegroupsantiago.cl,+56 2 2664 3769,Hotel Boutique Tremo Parque Forestal,https://tremohotel.cl/parqueforestal/index.html,Santiago,CL,,376,3.1,chile_santiago_hotel_apify_2026_05_12,apify_google_maps,tourism,,,,
Residencial Universitaria,,+56 2 2697 3139,Residencial Universitaria,http://www.residencialuniversitario.cl/,Santiago,CL,,219,4.4,chile_santiago_hotel_apify_2026_05_12,apify_google_maps,tourism,,,,
Guest House Club Hipico,,+56 9 9821 0261,Guest House Club Hipico,https://www.guesthousechile.cl/,Santiago,CL,,4,5,chile_santiago_hotel_apify_2026_05_12,apify_google_maps,tourism,,,,
HOTEL SAHARA INN,contacto@saharainn.cl,+56 2 2695 7376,HOTEL SAHARA INN,http://www.saharainn.cl/,Santiago,CL,,905,3.8,chile_santiago_hotel_apify_2026_05_12,apify_google_maps,tourism,,,,
Hotel Imperio,recepcion@hotelimperio.cl,+56 2 2592 6000,Hotel Imperio,http://hotelimperio.cl/,Santiago,CL,,653,4,chile_santiago_hotel_apify_2026_05_12,apify_google_maps,tourism,,,,
Tremo Santiago Suite Apartment,,+56 2 2632 4290,Tremo Santiago Suite Apartment,https://www.santiagosuiteapartment.com/,Santiago,CL,,220,3.9,chile_santiago_hotel_apify_2026_05_12,apify_google_maps,tourism,,,,
Hotel Libertador,contacto@hotellibertador.cl,+56 2 2639 4211,Hotel Libertador,http://www.hotellibertador.cl/,Santiago,CL,,1205,3.9,chile_santiago_hotel_apify_2026_05_12,apify_google_maps,tourism,,,,
Hotel HW (Libertad),centraldereservas@hoteleshw.com,+56 2 3293 1100,Hotel HW (Libertad),http://www.hoteleshw.com/,Santiago,CL,,29,4,chile_santiago_hotel_apify_2026_05_12,apify_google_maps,tourism,,,,
Hotel Vista Hill,reservas@hotelvistahill.cl,+56 9 2795 0271,Hotel Vista Hill,http://www.hotelvistahill.cl/,Santiago,CL,,0,0,chile_santiago_hotel_apify_2026_05_12,apify_google_maps,tourism,,,,
Boutique en Santiago,,+56 9 7902 8685,Boutique en Santiago,https://null-353.ueniweb.com/?utm_campaign=gmb,Santiago,CL,,1,1,chile_santiago_hotel_apify_2026_05_12,apify_google_maps,tourism,,,,
Park Suite Apartment Huerfanos Santiago,bookings@parkplaza.cl,+56 2 2372 4000,Park Suite Apartment Huerfanos Santiago,http://www.parkapartments.cl/,Santiago,CL,,47,4.4,chile_santiago_hotel_apify_2026_05_12,apify_google_maps,tourism,,,,
Park Plaza Apart Hotel,bookings@parkplaza.cl,+56 2 2822 5400,Park Plaza Apart Hotel,http://www.parkapartments.cl/,Santiago,CL,,663,4.3,chile_santiago_hotel_apify_2026_05_12,apify_google_maps,tourism,,,,
Intimo Hotel Miraflores - Ex Hotel Riviera,,+56 2 2620 5200,Intimo Hotel Miraflores - Ex Hotel Riviera,https://www.intimohotelmiraflores.site/es/,Santiago,CL,,429,3.9,chile_santiago_hotel_apify_2026_05_12,apify_google_maps,tourism,,,,
Ismael Hotel,recepcion@ismaelhotel.com,+56 2 2616 7600,Ismael Hotel,http://www.ismaelhotel.com/,Santiago,CL,,633,4.6,chile_santiago_hotel_apify_2026_05_12,apify_google_maps,tourism,,,,
Ismael Hotel,reservas@ismaelhotel.com,+56 2 2616 7600,Ismael Hotel,http://www.ismaelhotel.com/,Santiago,CL,,633,4.6,chile_santiago_hotel_apify_2026_05_12,apify_google_maps,tourism,,,,
Amistar Apart Hotel,,+56 9 5794 8317,Amistar Apart Hotel,https://www.amistar.cl/,Santiago,CL,,252,4.3,chile_santiago_hotel_apify_2026_05_12,apify_google_maps,tourism,,,,
Castelletto B&B and Coffee Shop,,+56 9 5403 6553,Castelletto B&B and Coffee Shop,https://www.instagram.com/castelletto.hotel?igsh=MTZ0dWJlN2Qzbm82Yw==,Santiago,CL,,28,5,chile_santiago_hotel_apify_2026_05_12,apify_google_maps,tourism,,,,
Lastarria 43-61 Apart Hotel,contacto@lastarria.cl,+56 2 2638 3230,Lastarria 43-61 Apart Hotel,http://www.lastarria.cl/,Santiago,CL,,67,4.4,chile_santiago_hotel_apify_2026_05_12,apify_google_maps,tourism,,,,
Hotel Foresta,info@forestahotel.cl,+56 2 3275 8500,Hotel Foresta,http://forestahotel.cl/,Santiago,CL,,563,4.2,chile_santiago_hotel_apify_2026_05_12,apify_google_maps,tourism,,,,
Hotel Foresta,reservas@forestahotel.cl,+56 2 3275 8500,Hotel Foresta,http://forestahotel.cl/,Santiago,CL,,563,4.2,chile_santiago_hotel_apify_2026_05_12,apify_google_maps,tourism,,,,
Hotel Plaza Londres 77,recepcionlondres@gmail.com,+56 2 2639 7621,Hotel Plaza Londres 77,http://www.plazalondres.cl/,Santiago,CL,,439,3.8,chile_santiago_hotel_apify_2026_05_12,apify_google_maps,tourism,,,,
Hotel Plaza Londres 77,info@hotelplazalondres.cl,+56 2 2639 7621,Hotel Plaza Londres 77,http://www.plazalondres.cl/,Santiago,CL,,439,3.8,chile_santiago_hotel_apify_2026_05_12,apify_google_maps,tourism,,,,
Hotel Plaza Londres 77,info@hotelplazalondres.cl,+56 2 2639 7621,Hotel Plaza Londres 77,http://www.plazalondres.cl/,Santiago,CL,,439,3.8,chile_santiago_hotel_apify_2026_05_12,apify_google_maps,tourism,,,,
Hotel Montecarlo,info@hotelmontecarlo.cl,+56 2 2337 4800,Hotel Montecarlo,http://www.hotelmontecarlo.cl/,Santiago,CL,,908,4,chile_santiago_hotel_apify_2026_05_12,apify_google_maps,tourism,,,,
Hotel Novapark,servicioclientes@hoas.cl,+56 2 3210 1529,Hotel Novapark,https://novapark.cl/,Santiago,CL,,2417,4.2,chile_santiago_hotel_apify_2026_05_12,apify_google_maps,tourism,,,,
Hotel Novapark,reservas@novapark.cl,+56 2 3210 1529,Hotel Novapark,https://novapark.cl/,Santiago,CL,,2417,4.2,chile_santiago_hotel_apify_2026_05_12,apify_google_maps,tourism,,,,
ORIGEN Apart Hotel,contacto@origenaparthotel.cl,+56 2 2671 6906,ORIGEN Apart Hotel,http://www.origenaparthotel.cl/,Santiago,CL,,219,3.9,chile_santiago_hotel_apify_2026_05_12,apify_google_maps,tourism,,,,
Eleven Keys - Boutique Apartment diseño moderno Santiago,,,Eleven Keys - Boutique Apartment diseño moderno Santiago,https://www.booking.com/hotel/cl/apartamento-en-santiago-santiago7.en-gb.html?aid=2068758&utm_source=seogooglelocal&utm_medium=description&utm_term=hotel-14361881&utm_campaign=en-gb&label=seogooglelocal-link-imagesaow-hotel-14361881_grp-1_gendate-20260503,Santiago,CL,,2,5,chile_santiago_hotel_apify_2026_05_12,apify_google_maps,tourism,,,,
Hotel Brasilia,reservas@hotelbrasilia.cl,+56 9 5159 4374,Hotel Brasilia,http://hotelbrasilia.cl/,Santiago,CL,,739,4,chile_santiago_hotel_apify_2026_05_12,apify_google_maps,tourism,,,,
Departamentos Alto Moneda,,+56 9 5207 0889,Departamentos Alto Moneda,http://www.altomoneda.cl/,Santiago,CL,,257,4.3,chile_santiago_hotel_apify_2026_05_12,apify_google_maps,tourism,,,,
Aparthotel San Francisco,,+56 2 2790 3200,Aparthotel San Francisco,http://www.apartsanfrancisco.cl/,Santiago,CL,,176,3.9,chile_santiago_hotel_apify_2026_05_12,apify_google_maps,tourism,,,,
Savoy HoteL Santiago,,+56 9 9753 8154,Savoy HoteL Santiago,https://reservas.motelnow.cl/motels/6855-hotel-savoy,Santiago,CL,,32,3.8,chile_santiago_hotel_apify_2026_05_12,apify_google_maps,tourism,,,,
Plaza Paris Amistar,,+56 9 5781 1562,Plaza Paris Amistar,https://www.amistar.cl/,Santiago,CL,,372,4.3,chile_santiago_hotel_apify_2026_05_12,apify_google_maps,tourism,,,,
Motel Prat,,+56 9 8729 9478,Motel Prat,http://www.hotelprat408.cl/,Santiago,CL,,104,3.7,chile_santiago_hotel_apify_2026_05_12,apify_google_maps,tourism,,,,
Hotel Corte Suprema 179,,+56 9 4660 0694,Hotel Corte Suprema 179,http://www.hotelprat408.cl/,Santiago,CL,,169,4,chile_santiago_hotel_apify_2026_05_12,apify_google_maps,tourism,,,,
Hostal - Triple Room,,,Hostal - Triple Room,https://br.bluepillow.com/search/65c9f34f671b07d23c68fc17?dest=bkng&cat=House&lat=-33.44737&lng=-70.65385&language=pt,Santiago,CL,,0,0,chile_santiago_hotel_apify_2026_05_12,apify_google_maps,tourism,,,,
Extintores Norvic,,+56 2 2665 9072,Extintores Norvic,https://norvic.cl/,"Santiago, Estación Central",CL,,46,4.6,chile_santiago_hotel_apify_2026_05_12,apify_google_maps,tourism,,,,
"Arriendo Departamento por Día, Con Estacionamiento",,+56 9 8121 7959,"Arriendo Departamento por Día, Con Estacionamiento",https://www.instagram.com/arriendos_y_destinos?igsh=MXhqZ2plZHp4anQ0aA==,Santiago,CL,,17,5,chile_santiago_hotel_apify_2026_05_12,apify_google_maps,tourism,,,,
Hotel Casa Aure,info@casaaure.cl,+56 9 3949 0775,Hotel Casa Aure,http://www.casaaure.cl/,Santiago,CL,,133,4.7,chile_santiago_hotel_apify_2026_05_12,apify_google_maps,tourism,,,,
Hotel Guayaquil,,+56 2 2664 8846,Hotel Guayaquil,https://hotel-guayaquil-santiago.jimdosite.com/,Santiago,CL,,483,3.7,chile_santiago_hotel_apify_2026_05_12,apify_google_maps,tourism,,,,
Hotel Magnolia Santiago de Chile,,+56 2 2664 4043,Hotel Magnolia Santiago de Chile,https://hotelmagnolia.cl/,Santiago,CL,,1028,4.6,chile_santiago_hotel_apify_2026_05_12,apify_google_maps,tourism,,,,
Complejo Hotelero y Turistico Oasis,,+56 2 2698 5263,Complejo Hotelero y Turistico Oasis,https://moteloasis.cl/,Santiago,CL,,275,3.9,chile_santiago_hotel_apify_2026_05_12,apify_google_maps,tourism,,,,
Motel Apolo,servicioalcliente@motelesapolo.cl,+56 9 4567 6410,Motel Apolo,https://www.motelesapolo.cl/,Providencia,CL,,524,3.6,chile_santiago_hotel_apify_2026_05_12,apify_google_maps,tourism,,,,
Apart Hotel Reina Victoria Carmen,,,Apart Hotel Reina Victoria Carmen,https://br.bluepillow.com/search/67b32da757129f09023328d7?dest=htpn&cat=Apartment&lat=-33.44935&lng=-70.64179&language=pt,Santiago,CL,,0,0,chile_santiago_hotel_apify_2026_05_12,apify_google_maps,tourism,,,,
Hotel Granada,,+56 2 2417 9252,Hotel Granada,https://2gis.cl/santiago/firm/70000001006545626,Santiago,CL,,37,3.3,chile_santiago_hotel_apify_2026_05_12,apify_google_maps,tourism,,,,
Smart Apart,,+56 9 8808 7415,Smart Apart,http://www.hotelsmart.cl/,Santiago,CL,,186,3.7,chile_santiago_hotel_apify_2026_05_12,apify_google_maps,tourism,,,,
Hotel Elisa Cole,reservas@elisacole.cl,+56 2 2485 4750,Hotel Elisa Cole,http://www.elisacole.cl/,Santiago,CL,,291,4.2,chile_santiago_hotel_apify_2026_05_12,apify_google_maps,tourism,,,,
Peluditos,contacto@peluditos.cl,+56 9 9508 0243,Peluditos,https://www.peluditos.cl/,Santiago,CL,,558,4.8,chile_santiago_hotel_apify_2026_05_12,apify_google_maps,tourism,,,,
Hotel He Wang,,+56 2 3293 1100,Hotel He Wang,https://hewanghotel.com/,Santiago,CL,,381,4.2,chile_santiago_hotel_apify_2026_05_12,apify_google_maps,tourism,,,,
Nest Bellas Artes,,+56 9 6428 8130,Nest Bellas Artes,https://nestrentalapartments.com/properties/bellas-artes/,Santiago,CL,,96,4.8,chile_santiago_hotel_apify_2026_05_12,apify_google_maps,tourism,,,,
Amor Amor Providencia,contacto@vohoteles.cl,+56 9 6309 3948,Amor Amor Providencia,https://amor.hotelamoramor.cl/,"Santiago, Providencia",CL,,940,4.4,chile_santiago_hotel_apify_2026_05_12,apify_google_maps,tourism,,,,
Hostal Máncora,info@hospedamancora.cl,+56 9 7485 1653,Hostal Máncora,https://hospedajemancora.cl/monjitas/,Santiago,CL,,37,4.2,chile_santiago_hotel_apify_2026_05_12,apify_google_maps,tourism,,,,
Motel Rosas 2222,,+56 9 6434 9101,Motel Rosas 2222,http://www.rosas2222.cl/,Santiago,CL,,413,3.6,chile_santiago_hotel_apify_2026_05_12,apify_google_maps,tourism,,,,
Apart Hotel Q - One-Bedroom Apartment,,,Apart Hotel Q - One-Bedroom Apartment,https://br.bluepillow.com/search/5a84f4c97c00cb0e0424fb23?dest=bkng&cat=Apartment&lat=-33.44723&lng=-70.6353&language=pt,Santiago,CL,,0,0,chile_santiago_hotel_apify_2026_05_12,apify_google_maps,tourism,,,,
Portugal Suites,,+56 9 7275 7607,Portugal Suites,http://www.arriendodiario.cl/,Santiago,CL,,19,4.6,chile_santiago_hotel_apify_2026_05_12,apify_google_maps,tourism,,,,
Sonetto,recepcion@sonetto.cl,+56 9 7756 8376,Sonetto,http://www.hotelsonetto.com/,Recoleta,CL,,150,2.8,chile_santiago_hotel_apify_2026_05_12,apify_google_maps,tourism,,,,
BBcasita Blue Hotel- Alojamiento,casitahostelstgo@gmail.com,+56 9 4527 6015,BBcasita Blue Hotel- Alojamiento,http://www.bbcasita.cl/,Santiago,CL,,54,4.1,chile_santiago_hotel_apify_2026_05_12,apify_google_maps,tourism,,,,
Altiplánico Santiago Bellas Artes,reservassantiago@altiplanico.cl,+56 9 5660 3836,Altiplánico Santiago Bellas Artes,http://www.altiplanico.cl/en/altiplanico-santiago-2/,Santiago,CL,,105,4.3,chile_santiago_hotel_apify_2026_05_12,apify_google_maps,tourism,,,,
Altiplánico Santiago Bellas Artes,altiplanicosur@altiplanico.cl,+56 9 5660 3836,Altiplánico Santiago Bellas Artes,http://www.altiplanico.cl/en/altiplanico-santiago-2/,Santiago,CL,,105,4.3,chile_santiago_hotel_apify_2026_05_12,apify_google_maps,tourism,,,,
Altiplánico Santiago Bellas Artes,lorena@altiplanico.cl,+56 9 5660 3836,Altiplánico Santiago Bellas Artes,http://www.altiplanico.cl/en/altiplanico-santiago-2/,Santiago,CL,,105,4.3,chile_santiago_hotel_apify_2026_05_12,apify_google_maps,tourism,,,,
Altiplánico Santiago Bellas Artes,reservas@altiplanicocajondelmaipo.cl,+56 9 5660 3836,Altiplánico Santiago Bellas Artes,http://www.altiplanico.cl/en/altiplanico-santiago-2/,Santiago,CL,,105,4.3,chile_santiago_hotel_apify_2026_05_12,apify_google_maps,tourism,,,,
Hotel Ciudad de Vitoria,reservasweb@ciudaddevitoria.cl,+56 2 2783 9000,Hotel Ciudad de Vitoria,https://www.ciudaddevitoria.cl/,Santiago,CL,,429,4.3,chile_santiago_hotel_apify_2026_05_12,apify_google_maps,tourism,,,,
Hotel Ciudad de Vitoria,reservas@ciudaddevitoria.cl,+56 2 2783 9000,Hotel Ciudad de Vitoria,https://www.ciudaddevitoria.cl/,Santiago,CL,,429,4.3,chile_santiago_hotel_apify_2026_05_12,apify_google_maps,tourism,,,,
Hotel Ciudad de Vitoria,reservas@ciudaddevitorial.cl,+56 2 2783 9000,Hotel Ciudad de Vitoria,https://www.ciudaddevitoria.cl/,Santiago,CL,,429,4.3,chile_santiago_hotel_apify_2026_05_12,apify_google_maps,tourism,,,,
Si Hotel,,+56 2 2681 7569,Si Hotel,http://www.sihotel.cl/,Santiago,CL,,451,3.4,chile_santiago_hotel_apify_2026_05_12,apify_google_maps,tourism,,,,
Baños Turcos Franklin,,+56 2 3318 0708,Baños Turcos Franklin,https://banosturcosfranklin.cl/,Santiago,CL,,228,4.5,chile_santiago_hotel_apify_2026_05_12,apify_google_maps,tourism,,,,
Motel Blue Santiago Centro,contacto@vohoteles.cl,+56 9 7125 9502,Motel Blue Santiago Centro,https://motelblue.cl/,Santiago,CL,,890,4.4,chile_santiago_hotel_apify_2026_05_12,apify_google_maps,tourism,,,,
Hotel Nippon,ventas@hotelnippon.cl,+56 2 2838 7000,Hotel Nippon,http://www.hotelnippon.cl/,Santiago,CL,,1018,4.1,chile_santiago_hotel_apify_2026_05_12,apify_google_maps,tourism,,,,
Motel Kalipso,sugerencias@kalipso.cl,+56 2 3291 2292,Motel Kalipso,http://www.kalipso.cl/,Santiago,CL,,431,4,chile_santiago_hotel_apify_2026_05_12,apify_google_maps,tourism,,,,
HOM I Studio 2PAX Cerca del Movistar Arena,,,HOM I Studio 2PAX Cerca del Movistar Arena,https://www.expedia.com/Hotel.h112754839.Hotel-Information?mdpcid=META.HPA.WEB-ORGANIC.VR,Santiago,CL,,0,0,chile_santiago_hotel_apify_2026_05_12,apify_google_maps,tourism,,,,
"Lodging and room service in Santiago, Chile",,,"Lodging and room service in Santiago, Chile",https://www.decolar.com/hoteis/h-6512782,Santiago,CL,,0,0,chile_santiago_hotel_apify_2026_05_12,apify_google_maps,tourism,,,,
Hostal Río Amazonas,reservas@hostalrioamazonas.cl,+56 9 6468 0741,Hostal Río Amazonas,https://www.hostalrioamazonas.cl/,Santiago,CL,,455,4.6,chile_santiago_hotel_apify_2026_05_12,apify_google_maps,tourism,,,,
EDIFICIO CATEDRAL,,+56 9 9121 6943,EDIFICIO CATEDRAL,https://hostal-catedral.pages.dev/,Santiago,CL,,162,3.7,chile_santiago_hotel_apify_2026_05_12,apify_google_maps,tourism,,,,
Agencia de Viajes Travel One,,+56 9 6131 5453,Agencia de Viajes Travel One,https://agenciadeviajestravelone.cl/,Santiago,CL,,41,4.9,chile_santiago_hotel_apify_2026_05_12,apify_google_maps,tourism,,,,
Windsor Suite,,+56 9 3179 2455,Windsor Suite,http://hotelwindsor.cl/,Santiago,CL,,755,3.7,chile_santiago_hotel_apify_2026_05_12,apify_google_maps,tourism,,,,
BBCasita Bed & Breakfast - Hostel,casitahostelstgo@gmail.com,+56 9 4526 7576,BBCasita Bed & Breakfast - Hostel,https://bbcasita.cl/,Santiago,CL,,218,3.3,chile_santiago_hotel_apify_2026_05_12,apify_google_maps,tourism,,,,
Motel Tropical,,+56 9 7914 8434,Motel Tropical,https://www.hoteltropical.cl/,"Santiago, Estación Central",CL,,657,3.8,chile_santiago_hotel_apify_2026_05_12,apify_google_maps,tourism,,,,
Motel Sky,,+56 9 6900 6713,Motel Sky,https://www.motelsky.cl/,Santiago,CL,,335,4.3,chile_santiago_hotel_apify_2026_05_12,apify_google_maps,tourism,,,,
Departamentos R&M,,+56 9 3624 0894,Departamentos R&M,https://wubook.net/neb/bk/?ep=2c63c82c,Santiago,CL,,104,4.1,chile_santiago_hotel_apify_2026_05_12,apify_google_maps,tourism,,,,
Hotel Sommelier Boutique,,+56 2 3244 1790,Hotel Sommelier Boutique,https://sommelierboutique.cl/,Santiago,CL,,1313,4.4,chile_santiago_hotel_apify_2026_05_12,apify_google_maps,tourism,,,,
Motel Cumming,,+56 2 3345 0718,Motel Cumming,http://www.hotelcumming.cl/,Santiago,CL,,372,4.5,chile_santiago_hotel_apify_2026_05_12,apify_google_maps,tourism,,,,
HOTEL THESALIA,,+56 2 3255 4466,HOTEL THESALIA,http://www.thesalia.cl/,Santiago,CL,,30,3.8,chile_santiago_hotel_apify_2026_05_12,apify_google_maps,tourism,,,,
HOM I Apartamento Céntrico en Santiago 2D2B - Apartment,,,HOM I Apartamento Céntrico en Santiago 2D2B - Apartment,https://br.bluepillow.com/search/68e3dab3f93025efada7e56f?dest=nuit&cat=Apartment&lat=-33.43443&lng=-70.65791&language=pt,Santiago,CL,,0,0,chile_santiago_hotel_apify_2026_05_12,apify_google_maps,tourism,,,,
The Parradise's Santiago,,,The Parradise's Santiago,https://www.booking.com/Pulse-fQWoH9,Santiago,CL,,1,5,chile_santiago_hotel_apify_2026_05_12,apify_google_maps,tourism,,,,
Apart Hotel Musó - One-Bedroom Apartment,,,Apart Hotel Musó - One-Bedroom Apartment,https://br.bluepillow.com/search/6811ba776178c7268f2d3fa6?dest=bkng&cat=Apartment&lat=-33.43595&lng=-70.65933&language=pt,Santiago,CL,,0,0,chile_santiago_hotel_apify_2026_05_12,apify_google_maps,tourism,,,,
HOSTAL IRREAL,contacto@hostalirreal.com,+56 9 8191 1475,HOSTAL IRREAL,https://www.hostalirreal.com/,Santiago,CL,,27,3.6,chile_santiago_hotel_apify_2026_05_12,apify_google_maps,tourism,,,,
Red Hotel Santiago - Ex Love,contacto@redhotel.cl,+56 9 9210 7981,Red Hotel Santiago - Ex Love,http://www.redhotel.cl/,Santiago,CL,,105,3.4,chile_santiago_hotel_apify_2026_05_12,apify_google_maps,tourism,,,,
Intimo Hotel Barrio Brasil,contacto@hotelesintimo.cl,+56 2 3345 4596,Intimo Hotel Barrio Brasil,http://www.intimohoteles.cl/,Santiago,CL,,71,2.6,chile_santiago_hotel_apify_2026_05_12,apify_google_maps,tourism,,,,
Arriendos Temporales Santiago,,+56 9 9750 9500,Arriendos Temporales Santiago,https://wubook.net/nneb/bk/?ep=2c63c82c,Santiago,CL,,10,3.8,chile_santiago_hotel_apify_2026_05_12,apify_google_maps,tourism,,,,
Hotel Riviera Maya,hotelrivieramaya.recep@gmail.com,+56 2 2696 0351,Hotel Riviera Maya,http://hotelrivieramaya.cl/,Santiago,CL,,94,4,chile_santiago_hotel_apify_2026_05_12,apify_google_maps,tourism,,,,
Teatinos 690,,+56 9 3624 0894,Teatinos 690,https://wubook.net/neb/bk/?ep=2c63c82c,Santiago,CL,,322,4.4,chile_santiago_hotel_apify_2026_05_12,apify_google_maps,tourism,,,,
Sol y Luna,,+56 9 3141 2090,Sol y Luna,http://www.solyluna.cl/,Santiago,CL,,1661,4.3,chile_santiago_hotel_apify_2026_05_12,apify_google_maps,tourism,,,,
Motel Bindu / Refugio Tantriko,reservas@motelbindu.cl,+56 2 3311 4374,Motel Bindu / Refugio Tantriko,http://motelbindu.cl/,"Ñuñoa, Santiago",CL,,159,4,chile_santiago_hotel_apify_2026_05_12,apify_google_maps,tourism,,,,
Hotel Casa Paraiso Republica ***,contacto@hotelcasaparaiso.cl,+56 9 2258 3522,Hotel Casa Paraiso Republica ***,http://hotelcasaparaiso.cl/,Santiago,CL,,2,3,chile_santiago_hotel_apify_2026_05_12,apify_google_maps,tourism,,,,
Apart Hotel Musó - One-Bedroom Apartment,,,Apart Hotel Musó - One-Bedroom Apartment,https://www.freecancellations.com/search/F2d3QwcEGXRXX1RdD1tTQlEJXEpiEwRE?lat=-33.43595&lng=-70.65933&language=de,Santiago,CL,,0,0,chile_santiago_hotel_apify_2026_05_12,apify_google_maps,tourism,,,,
Hotel Casa Paraiso República,contacto@hotelcasaparaiso.cl,+56 9 2258 3522,Hotel Casa Paraiso República,https://www.casaparaisohotel.cl/,Santiago,CL,,22,3.7,chile_santiago_hotel_apify_2026_05_12,apify_google_maps,tourism,,,,
Intimo Hotel Santo Domingo,contacto@hotelesintimo.cl,+56 2 2345 0894,Intimo Hotel Santo Domingo,http://www.intimohoteles.cl/,Santiago,CL,,126,3.2,chile_santiago_hotel_apify_2026_05_12,apify_google_maps,tourism,,,,
Residencial Metro Republica,residencialmr@gmail.com,+56 2 2695 6509,Residencial Metro Republica,http://www.residencialmetrorepublica.cl/,Santiago,CL,,143,4.5,chile_santiago_hotel_apify_2026_05_12,apify_google_maps,tourism,,,,
Residencial Metro Republica,arana1960@hotmail.com,+56 2 2695 6509,Residencial Metro Republica,http://www.residencialmetrorepublica.cl/,Santiago,CL,,143,4.5,chile_santiago_hotel_apify_2026_05_12,apify_google_maps,tourism,,,,
Hotel Cinque Terre,,+56 2 2671 5926,Hotel Cinque Terre,https://es-la.facebook.com/HotelCinqueTerre,Santiago,CL,,24,4,chile_santiago_hotel_apify_2026_05_12,apify_google_maps,tourism,,,,
La Casa Roja Hostel,recepcion@lacasarojahostel.com,+56 2 2695 0600,La Casa Roja Hostel,https://www.lacasarojahostel.com/,Santiago,CL,,576,4.1,chile_santiago_hotel_apify_2026_05_12,apify_google_maps,tourism,,,,
La Casa Roja Hostel,reservas@lacasarojashostel.com,+56 2 2695 0600,La Casa Roja Hostel,https://www.lacasarojahostel.com/,Santiago,CL,,576,4.1,chile_santiago_hotel_apify_2026_05_12,apify_google_maps,tourism,,,,
Intimo Hotel Manuel Rodriguez,contacto@hotelesintimo.cl,+56 2 3345 8090,Intimo Hotel Manuel Rodriguez,http://www.intimohoteles.cl/,Santiago,CL,,148,3.6,chile_santiago_hotel_apify_2026_05_12,apify_google_maps,tourism,,,,
Casa Agustinas Hotel,,+56 9 9239 2983,Casa Agustinas Hotel,http://casaagustinashotel.cl/,Santiago,CL,,6,3.2,chile_santiago_hotel_apify_2026_05_12,apify_google_maps,tourism,,,,
HH Motel,hhmotel@hhh.cl,+56 9 7768 3108,HH Motel,https://hhmotel.cl/,Santiago,CL,,176,4.5,chile_santiago_hotel_apify_2026_05_12,apify_google_maps,tourism,,,,
HH Motel,hhmotel@hhh.cl,+56 9 7768 3108,HH Motel,https://hhmotel.cl/,Santiago,CL,,176,4.5,chile_santiago_hotel_apify_2026_05_12,apify_google_maps,tourism,,,,
Hotel El Marquez,,+56 2 2696 9972,Hotel El Marquez,http://www.hotelelmarquez.cl/,Santiago,CL,,232,3.8,chile_santiago_hotel_apify_2026_05_12,apify_google_maps,tourism,,,,
TORRE TAGLE DEPARTAMENTOS AMOBLADOS,contacto@torretagle.cl,+56 9 3773 8967,TORRE TAGLE DEPARTAMENTOS AMOBLADOS,https://hotels.cloudbeds.com/reservation/HcgA7h,Santiago,CL,,56,4.1,chile_santiago_hotel_apify_2026_05_12,apify_google_maps,tourism,,,,
Hotel Compañia 1906,,+56 9 5352 8949,Hotel Compañia 1906,http://hostalamericano.cl/,Santiago,CL,,177,3.9,chile_santiago_hotel_apify_2026_05_12,apify_google_maps,tourism,,,,
Apart hotel en Santiago centro - One-Bedroom Apartment With ,,,Apart hotel en Santiago centro - One-Bedroom Apartment With Balcony And City View,https://br.bluepillow.com/search/68e3dc4ef93025efadaadeb0?dest=nuit&cat=Apartment&lat=-33.43726&lng=-70.65537&language=pt,Santiago,CL,,0,0,chile_santiago_hotel_apify_2026_05_12,apify_google_maps,tourism,,,,
Santiago Centro Departamentos Amoblados,,+56 9 3624 0894,Santiago Centro Departamentos Amoblados,https://wubook.net/neb/bk/?ep=2c63c82c,Santiago,CL,,1,5,chile_santiago_hotel_apify_2026_05_12,apify_google_maps,tourism,,,,
Espacio Arte Yungay,,+56 2 3227 3584,Espacio Arte Yungay,https://www.facebook.com/EspacioAYungay/,Santiago,CL,,162,4.6,chile_santiago_hotel_apify_2026_05_12,apify_google_maps,tourism,,,,
Happy House Hostel,,+56 2 2688 4849,Happy House Hostel,https://happyhousehostel.com/inicio/,Santiago,CL,,398,4.2,chile_santiago_hotel_apify_2026_05_12,apify_google_maps,tourism,,,,
NR Apart Tocornal,,+56 9 9744 9549,NR Apart Tocornal,https://www.nrapart.cl/,Santiago,CL,,1,1,chile_santiago_hotel_apify_2026_05_12,apify_google_maps,tourism,,,,
NR Apart San Diego,,+56 9 9744 9549,NR Apart San Diego,https://www.nrapart.cl/,Santiago,CL,,2,5,chile_santiago_hotel_apify_2026_05_12,apify_google_maps,tourism,,,,
Personal Aparts Bellas Artes,contacto@personalaparts.cl,+56 2 2664 2389,Personal Aparts Bellas Artes,http://www.personalaparts.cl/,Santiago,CL,,197,3.8,chile_santiago_hotel_apify_2026_05_12,apify_google_maps,tourism,,,,
Hotel Sommelier,,+56 2 3335 1103,Hotel Sommelier,http://hotelsommelier.cl/,Santiago,CL,,713,4.2,chile_santiago_hotel_apify_2026_05_12,apify_google_maps,tourism,,,,
Infractor Films,info@infractor.cl,,Infractor Films,http://www.infractor.cl/,Santiago,CL,,29,3.4,chile_santiago_hotel_apify_2026_05_12,apify_google_maps,tourism,,,,
Landay Hostel,,+56 2 2671 0300,Landay Hostel,https://www.landay.cl/,Santiago,CL,,417,3.7,chile_santiago_hotel_apify_2026_05_12,apify_google_maps,tourism,,,,
LOFT Hotel by Sommelier Hoteles,,+56 9 8693 5451,LOFT Hotel by Sommelier Hoteles,https://hotelloft.cl/,Santiago,CL,,164,4.2,chile_santiago_hotel_apify_2026_05_12,apify_google_maps,tourism,,,,
ArriendosDiarios.cl Hospedaje o Alojamiento Departamentos Am,consultas@arriendosdiarios.cl,+56 9 6848 4739,ArriendosDiarios.cl Hospedaje o Alojamiento Departamentos Amoblados Santiago Centro,https://arriendosdiarios.cl/,Santiago,CL,,28,4.1,chile_santiago_hotel_apify_2026_05_12,apify_google_maps,tourism,,,,
Hotel las Vegas termas del flaco,,+56 9 9897 2252,Hotel las Vegas termas del flaco,http://www.vegasdelflaco.cl/contacto.php,Santiago,CL,,3,4,chile_santiago_hotel_apify_2026_05_12,apify_google_maps,tourism,,,,
A&G Apart Hotel,,,A&G Apart Hotel,https://www.decolar.com/hoteis/h-6224920,Santiago,CL,,0,0,chile_santiago_hotel_apify_2026_05_12,apify_google_maps,tourism,,,,
Motel La Noche,info.mtldos@gmail.com,+56 2 2635 2837,Motel La Noche,http://www.motellanoche.cl/,Santiago,CL,,13,3.3,chile_santiago_hotel_apify_2026_05_12,apify_google_maps,tourism,,,,
Hotel Infinity Park Santiago,contacto@infinityparkhotel.com,+56 9 4233 9407,Hotel Infinity Park Santiago,http://www.infinityparkhotel.com/,Santiago,CL,,82,3.8,chile_santiago_hotel_apify_2026_05_12,apify_google_maps,tourism,,,,
Hotel Voilà Londres,contacto@hotelvoila.cl,+56 9 3270 8026,Hotel Voilà Londres,https://www.hotelvoila.cl/,Santiago,CL,,498,3.9,chile_santiago_hotel_apify_2026_05_12,apify_google_maps,tourism,,,,
Motel Plaza Cordillera | Motel en Santiago Centro,,+56 9 3199 7323,Motel Plaza Cordillera | Motel en Santiago Centro,https://www.motelplazacordillera.cl/,Santiago,CL,,45,4.4,chile_santiago_hotel_apify_2026_05_12,apify_google_maps,tourism,,,,
Hotel Prisma LGBTI,,+56 9 6746 2114,Hotel Prisma LGBTI,https://www.instagram.com/hotel.prisma?igsh=YW5lcTZqdW9paG1o,Santiago,CL,,10,3.9,chile_santiago_hotel_apify_2026_05_12,apify_google_maps,tourism,,,,
Departamentos Amoblados PAZ,mpriveros@live.cl,+56 9 9843 7268,Departamentos Amoblados PAZ,https://www.facebook.com/RentaDepartamentosAmoblados/#,Santiago,CL,,70,4.3,chile_santiago_hotel_apify_2026_05_12,apify_google_maps,tourism,,,,
San Martín - One-Bedroom Apartment,,,San Martín - One-Bedroom Apartment,https://br.bluepillow.com/search/68e3dd8cf93025efadad1737?dest=nuit&cat=Apartment&lat=-33.44019&lng=-70.65786&language=pt,Santiago,CL,,8,4.75,chile_santiago_hotel_apify_2026_05_12,apify_google_maps,tourism,,,,
Ex Hotel Crillón .,,,Ex Hotel Crillón .,https://es.m.wikipedia.org/wiki/Edificio_Crill%C3%B3n_(Santiago_de_Chile),Santiago,CL,,6,4.7,chile_santiago_hotel_apify_2026_05_12,apify_google_maps,tourism,,,,
San Martín - One-Bedroom Apartment,,,San Martín - One-Bedroom Apartment,https://www.freecancellations.com/search/F2cjQQEBFiAHV1BVXlkEEggLD0pgQlZF?lat=-33.44019&lng=-70.65786&language=de,Santiago,CL,,8,4.75,chile_santiago_hotel_apify_2026_05_12,apify_google_maps,tourism,,,,
"Hogar Universitario Paulina Starr, de la Universidad de Chil",,,"Hogar Universitario Paulina Starr, de la Universidad de Chile",http://www.uchile.cl/dbe/hogares,Santiago,CL,,15,4.8,chile_santiago_hotel_apify_2026_05_12,apify_google_maps,tourism,,,,
Hotel 198,,+56 2 2665 2646,Hotel 198,http://www.hotel198chile.com/,Santiago,CL,,610,4.1,chile_santiago_hotel_apify_2026_05_12,apify_google_maps,tourism,,,,
Elegante cercano Universidad Catolica - One-Bedroom Apartmen,,,Elegante cercano Universidad Catolica - One-Bedroom Apartment,https://br.bluepillow.com/search/68e3de34f93025efadae45de?dest=nuit&cat=Apartment&lat=-33.44242&lng=-70.64266&language=pt,Santiago,CL,,0,0,chile_santiago_hotel_apify_2026_05_12,apify_google_maps,tourism,,,,
NR Apart HUERFANOS - BELLAS ARTES,,+56 9 9744 9549,NR Apart HUERFANOS - BELLAS ARTES,https://www.nrapart.cl/,Santiago,CL,,5,4.2,chile_santiago_hotel_apify_2026_05_12,apify_google_maps,tourism,,,,
Midas apart hotel - Two-Bedroom Apartment,,,Midas apart hotel - Two-Bedroom Apartment,https://br.bluepillow.com/search/65caad48671b07d23c6edfc0?dest=bkng&cat=House&lat=-33.44033&lng=-70.65678&language=pt,Santiago,CL,,8,4.75,chile_santiago_hotel_apify_2026_05_12,apify_google_maps,tourism,,,,
Santiago Apartamentos Centro,,+56 9 5410 2952,Santiago Apartamentos Centro,http://www.santiago-apartamentos.com/,Santiago,CL,,113,3.8,chile_santiago_hotel_apify_2026_05_12,apify_google_maps,tourism,,,,
Sociedad Hotel Primavera Ltda.,,+56 2 2699 3586,Sociedad Hotel Primavera Ltda.,http://www.hotelprimavera.cl/,Santiago,CL,,24,3.5,chile_santiago_hotel_apify_2026_05_12,apify_google_maps,tourism,,,,
Motel Uñantum,,+56 9 9950 2421,Motel Uñantum,http://www.xn--moteluantum-6db.cl/,Santiago,CL,,107,4.1,chile_santiago_hotel_apify_2026_05_12,apify_google_maps,tourism,,,,
Hotel Mosqueto,,+56 2 2639 8456,Hotel Mosqueto,http://www.hotelmosqueto.cl/,Santiago,CL,,738,4.1,chile_santiago_hotel_apify_2026_05_12,apify_google_maps,tourism,,,,
Hostal Héroes,,,Hostal Héroes,https://hostal-heroes.jimdosite.com/,Santiago,CL,,35,5,chile_santiago_hotel_apify_2026_05_12,apify_google_maps,tourism,,,,
A&G Apart Hotel,partners@vio.com,,A&G Apart Hotel,https://deals.vio.com/?sig=73aca13c7f952d2641c156f3e69125e1eb497c325f122828ee5aa8797168b9a12d32303331333438363233&turl=https%3A%2F%2Fwww.vio.com%2FHotel%2FSearch%3FhotelId%3D7333634%26utm_source%3Dgha-vr%26utm_campaign%3Dstatic%26openHotelDetails%3D1,Santiago,CL,,0,0,chile_santiago_hotel_apify_2026_05_12,apify_google_maps,tourism,,,,
A&G Apart Hotel,affiliate@vio.com,,A&G Apart Hotel,https://deals.vio.com/?sig=73aca13c7f952d2641c156f3e69125e1eb497c325f122828ee5aa8797168b9a12d32303331333438363233&turl=https%3A%2F%2Fwww.vio.com%2FHotel%2FSearch%3FhotelId%3D7333634%26utm_source%3Dgha-vr%26utm_campaign%3Dstatic%26openHotelDetails%3D1,Santiago,CL,,0,0,chile_santiago_hotel_apify_2026_05_12,apify_google_maps,tourism,,,,
Apart hotel Santiago-centro,,+56 9 3618 1556,Apart hotel Santiago-centro,http://www.aparthotelsantiagocentro.cl/,Santiago,CL,,4,5,chile_santiago_hotel_apify_2026_05_12,apify_google_maps,tourism,,,,
Centro Médico Ecomed,info@eco-med.cl,+56 9 6229 9667,Centro Médico Ecomed,https://www.eco-med.cl/,Santiago,CL,,1334,4.9,chile_santiago_hotel_apify_2026_05_12,apify_google_maps,tourism,,,,
Motel Pedro Montt,,+56 2 3366 0015,Motel Pedro Montt,https://www.motelpedromontt.cl/,Santiago,CL,,5,5,chile_santiago_hotel_apify_2026_05_12,apify_google_maps,tourism,,,,
Motel Catedral,,+56 2 3347 5606,Motel Catedral,http://www.hotelcatedral.cl/,Santiago,CL,,746,4.3,chile_santiago_hotel_apify_2026_05_12,apify_google_maps,tourism,,,,
Motel Echaurren 316,,+56 9 3486 2046,Motel Echaurren 316,http://www.hotelechaurren.cl/,Santiago,CL,,1086,4.1,chile_santiago_hotel_apify_2026_05_12,apify_google_maps,tourism,,,,
Apart Hotel Cochrane,,,Apart Hotel Cochrane,https://br.bluepillow.com/search/67a24178905c444f2d0af12b?dest=ago&cat=Vacation+rental+(other)&lat=-33.44749&lng=-70.65451&language=pt,Santiago,CL,,0,0,chile_santiago_hotel_apify_2026_05_12,apify_google_maps,tourism,,,,
Amoblados Chilerent,,+56 9 6348 0439,Amoblados Chilerent,http://www.amobladoschilerent.cl/,Santiago,CL,,16,4,chile_santiago_hotel_apify_2026_05_12,apify_google_maps,tourism,,,,
Lindisimo departamento en el centro de Santiago Cercano a Pa,,,Lindisimo departamento en el centro de Santiago Cercano a Parque O Higgins,https://www.booking.com/hotel/cl/lindisimo-departamento-en-el-centro-de-santiago-cercano-a-parque-o-higgins.en-gb.html?aid=2068758&utm_source=seogooglelocal&utm_medium=description&utm_term=hotel-14105283&utm_campaign=en-gb&label=seogooglelocal-link-imagesaow-hotel-14105283_grp-3_gendate-20260503,Santiago,CL,,6,2.9000003,chile_santiago_hotel_apify_2026_05_12,apify_google_maps,tourism,,,,
Palacio Suite Apartamentos,,+56 9 3447 0170,Palacio Suite Apartamentos,https://wa.me/56934470170,Santiago,CL,,1,5,chile_santiago_hotel_apify_2026_05_12,apify_google_maps,tourism,,,,
Departamento metro Rondizzoni,,,Departamento metro Rondizzoni,https://www.booking.com/hotel/cl/departamento-metro-rondizzoni.en-gb.html?aid=2068758&utm_source=seogooglelocal&utm_medium=description&utm_term=hotel-14537232&utm_campaign=en-gb&label=seogooglelocal-link-imagesaow-hotel-14537232_grp-0_gendate-20260503,Santiago,CL,,28,4.6,chile_santiago_hotel_apify_2026_05_12,apify_google_maps,tourism,,,,
Casa del Maestro,,+56 2 2699 6981,Casa del Maestro,https://www.colegiodeprofesores.cl/casa-del-maestro-santiago/,Santiago,CL,,443,4.5,chile_santiago_hotel_apify_2026_05_12,apify_google_maps,tourism,,,,
"Tribeca Twin Room - 1BR w/ Pool, Wifi, A/C",,+56 9 9682 7779,"Tribeca Twin Room - 1BR w/ Pool, Wifi, A/C",https://tribeca-twin.bedsandhotels.com/,Santiago,CL,,0,0,chile_santiago_hotel_apify_2026_05_12,apify_google_maps,tourism,,,,
Apart Hotel Dresden - Standard Studio,,,Apart Hotel Dresden - Standard Studio,https://br.bluepillow.com/search/695e9ed8ac408a6eb70c6510?dest=bkng&cat=Apartment&lat=-33.435&lng=-70.64588&language=pt,Santiago,CL,,0,0,chile_santiago_hotel_apify_2026_05_12,apify_google_maps,tourism,,,,
LivinnX Santiago - Alojamiento para Estudiantes,info@livinnxsantiago.com,+56 9 3376 7052,LivinnX Santiago - Alojamiento para Estudiantes,https://www.livinnxsantiago.com/,Santiago,CL,,137,3.5,chile_santiago_hotel_apify_2026_05_12,apify_google_maps,tourism,,,,
Santa María Express,,+56 9 5811 8579,Santa María Express,https://santamariaexpress.hotelonia.com/,Recoleta,CL,,21,3,chile_santiago_hotel_apify_2026_05_12,apify_google_maps,tourism,,,,
Apart Hotel Dresden,,+56 9 7889 6611,Apart Hotel Dresden,http://aparthoteldresden.cl/,Santiago,CL,,2,5,chile_santiago_hotel_apify_2026_05_12,apify_google_maps,tourism,,,,
Motel Cielo Azul,info.mtldos@gmail.com,+56 2 2635 2380,Motel Cielo Azul,https://motelcieloazul.cl/,Providencia,CL,,351,3.9,chile_santiago_hotel_apify_2026_05_12,apify_google_maps,tourism,,,,
Luminoso y con AC: vista al Museo Bellas Artes - Apartment,,,Luminoso y con AC: vista al Museo Bellas Artes - Apartment,https://br.bluepillow.com/search/68e3da7ff93025efada77ef1?dest=nuit&cat=Apartment&lat=-33.43574&lng=-70.64417&language=pt,Santiago,CL,,0,0,chile_santiago_hotel_apify_2026_05_12,apify_google_maps,tourism,,,,
Apart Hotel Dresden - Two-Bedroom Deluxe Apartment,,,Apart Hotel Dresden - Two-Bedroom Deluxe Apartment,https://br.bluepillow.com/search/695e9ed8ac408a6eb70c6510/1530114605?dest=bkng&cat=Apartment&lat=-33.435&lng=-70.64588&language=pt,Santiago,CL,,0,0,chile_santiago_hotel_apify_2026_05_12,apify_google_maps,tourism,,,,
Apart Hotel en Centro de Santiago. Casco Historico - One-Bed,,,Apart Hotel en Centro de Santiago. Casco Historico - One-Bedroom Apartment,https://br.bluepillow.com/search/65c9cbea671b07d23c66f481?dest=bkng&cat=Apartment&lat=-33.44218&lng=-70.66985&language=pt,Santiago,CL,,0,0,chile_santiago_hotel_apify_2026_05_12,apify_google_maps,tourism,,,,
Palma De Santiago,,+56 9 5721 2723,Palma De Santiago,https://palmadesantiago.cl/,Santiago,CL,,9,5,chile_santiago_hotel_apify_2026_05_12,apify_google_maps,tourism,,,,
Bellas Artes Palace,,+56 9 5228 5700,Bellas Artes Palace,http://www.bellasartespalace.cl/,Santiago,CL,,122,3.5,chile_santiago_hotel_apify_2026_05_12,apify_google_maps,tourism,,,,
Apart Hotel Dresden - Two-Bedroom Standard Apartment,,,Apart Hotel Dresden - Two-Bedroom Standard Apartment,https://br.bluepillow.com/search/695e9ed8ac408a6eb70c6510/1530114604?dest=bkng&cat=Apartment&lat=-33.435&lng=-70.64588&language=pt,Santiago,CL,,0,0,chile_santiago_hotel_apify_2026_05_12,apify_google_maps,tourism,,,,
Apart Hotel Dresden - Two-Bedroom Studio Apartment,,,Apart Hotel Dresden - Two-Bedroom Studio Apartment,https://br.bluepillow.com/search/695e9ed8ac408a6eb70c6510/1530114603?dest=bkng&cat=Apartment&lat=-33.435&lng=-70.64588&language=pt,Santiago,CL,,0,0,chile_santiago_hotel_apify_2026_05_12,apify_google_maps,tourism,,,,
Departamento Santiago centro frente Club Hípico y Movistar A,,,Departamento Santiago centro frente Club Hípico y Movistar Arena,https://tripingguide.com/view-hotel?hotel=departamento-santiago-centro-frente-club-hipico-y-movistar-arena-chile,Santiago,CL,,1,5,chile_santiago_hotel_apify_2026_05_12,apify_google_maps,tourism,,,,
Apart Hotel Dresden - Superior One-Bedroom Apartment,,,Apart Hotel Dresden - Superior One-Bedroom Apartment,https://br.bluepillow.com/search/695e9ed8ac408a6eb70c6510/1530114602?dest=bkng&cat=Apartment&lat=-33.435&lng=-70.64588&language=pt,Santiago,CL,,0,0,chile_santiago_hotel_apify_2026_05_12,apify_google_maps,tourism,,,,
Aparthotel santiago - Superior Apartment (1601),,,Aparthotel santiago - Superior Apartment (1601),https://br.bluepillow.com/search/67d16d81a21d9499fe9d53f0?dest=nuit&cat=Apartment&lat=-33.43624&lng=-70.64449&language=pt,Santiago,CL,,0,0,chile_santiago_hotel_apify_2026_05_12,apify_google_maps,tourism,,,,
Motel Ciento Once,,+56 9 5714 8646,Motel Ciento Once,https://hotel111.cl/,Santiago,CL,,273,4.1,chile_santiago_hotel_apify_2026_05_12,apify_google_maps,tourism,,,,
Apart hotel santiago,,,Apart hotel santiago,https://www.decolar.com/hoteis/h-4713169,Santiago,CL,,0,0,chile_santiago_hotel_apify_2026_05_12,apify_google_maps,tourism,,,,
Motel La Cascada,,+56 2 2639 3206,Motel La Cascada,http://www.motellacascada.cl/,Santiago,CL,,671,4.3,chile_santiago_hotel_apify_2026_05_12,apify_google_maps,tourism,,,,
Elegante departamento en el corazón de Santiago Lastarrias -,,,Elegante departamento en el corazón de Santiago Lastarrias - Apartment,https://www.freecancellations.com/search/F2cjQQEESnEHV1BVXlkEEggLDxZjR1wR?lat=-33.43773&lng=-70.63916&language=de,Santiago,CL,,0,0,chile_santiago_hotel_apify_2026_05_12,apify_google_maps,tourism,,,,
Home Bulnes,,+56 9 3028 3992,Home Bulnes,https://direct-book.com/properties/HOMEBulnesdirect,Santiago,CL,,1,5,chile_santiago_hotel_apify_2026_05_12,apify_google_maps,tourism,,,,
Central and beautiful apartment,,,Central and beautiful apartment,https://www.booking.com/hotel/cl/central-and-beautiful-apartment.en-gb.html?aid=2068758&utm_source=seogooglelocal&utm_medium=description&utm_term=hotel-13852492&utm_campaign=en-gb&label=seogooglelocal-link-imagesaow-hotel-13852492_grp-0_gendate-20260503,Santiago,CL,,19,4.4,chile_santiago_hotel_apify_2026_05_12,apify_google_maps,tourism,,,,
De baja DR201 CF,,,De baja DR201 CF,https://www.booking.com/hotel/cl/hom-acogedor-depto-2pax-santiago-cerca-del-museo-bellas-artes.en-gb.html?aid=2068758&utm_source=seogooglelocal&utm_medium=description&utm_term=hotel-13486978&utm_campaign=en-gb&label=seogooglelocal-link-imagesaow-hotel-13486978_grp-2_gendate-20260503,Santiago,CL,,0,0,chile_santiago_hotel_apify_2026_05_12,apify_google_maps,tourism,,,,
Loft 2D2B con Terraza en el Corazon de Santiago - Apartment,,,Loft 2D2B con Terraza en el Corazon de Santiago - Apartment,https://www.freecancellations.com/search/F2cjQQEEHnYHV1BVXlkEEggLDxhpTQBB?lat=-33.43671&lng=-70.64449&language=de,Santiago,CL,,0,0,chile_santiago_hotel_apify_2026_05_12,apify_google_maps,tourism,,,,
NR Apart san Martín,,+56 9 9744 9549,NR Apart san Martín,https://www.nrapart.cl/,Santiago,CL,,0,0,chile_santiago_hotel_apify_2026_05_12,apify_google_maps,tourism,,,,
Spacious patrimonial apartment for 7 people. View of the par,,,Spacious patrimonial apartment for 7 people. View of the park. Metro Bellas Artes.,https://www.expedia.com/Hotel.h129137975.Hotel-Information?mdpcid=META.HPA.WEB-ORGANIC.VR,Santiago,CL,,0,0,chile_santiago_hotel_apify_2026_05_12,apify_google_maps,tourism,,,,
Hotel Bellas Artes,partners@vio.com,,Hotel Bellas Artes,https://deals.vio.com/?sig=73aca13c7f952d2641c156f3e69125e1eb497c325f122828ee5aa8797168b9a12d32303331333438363233&turl=https%3A%2F%2Fwww.vio.com%2FHotel%2FSearch%3FhotelId%3D17360704%26utm_source%3Dgha-vr%26utm_campaign%3Dstatic%26openHotelDetails%3D1,Santiago,CL,,0,0,chile_santiago_hotel_apify_2026_05_12,apify_google_maps,tourism,,,,
Hotel Bellas Artes,affiliate@vio.com,,Hotel Bellas Artes,https://deals.vio.com/?sig=73aca13c7f952d2641c156f3e69125e1eb497c325f122828ee5aa8797168b9a12d32303331333438363233&turl=https%3A%2F%2Fwww.vio.com%2FHotel%2FSearch%3FhotelId%3D17360704%26utm_source%3Dgha-vr%26utm_campaign%3Dstatic%26openHotelDetails%3D1,Santiago,CL,,0,0,chile_santiago_hotel_apify_2026_05_12,apify_google_maps,tourism,,,,
1 Hab - Centro Cívico Cultural Moneda - One-Bedroom Apartmen,,,1 Hab - Centro Cívico Cultural Moneda - One-Bedroom Apartment,https://br.bluepillow.com/search/68e3da29f93025efada6d038?dest=nuit&cat=Apartment&lat=-33.44796&lng=-70.65418&language=pt,Santiago,CL,,0,0,chile_santiago_hotel_apify_2026_05_12,apify_google_maps,tourism,,,,
Apart Hotel en el centro de Santiagon Centro Historico,,,Apart Hotel en el centro de Santiagon Centro Historico,https://app.your.rentals/p/74636?scid=GGLE&lang=de,Santiago,CL,,8,2.075,chile_santiago_hotel_apify_2026_05_12,apify_google_maps,tourism,,,,
hotel monte rosa,,+56 2 2515 7777,hotel monte rosa,https://www.hospitaldeltrabajador.cl/,Providencia,CL,,66,3.7,chile_santiago_hotel_apify_2026_05_12,apify_google_maps,tourism,,,,
#mosqueto103,,+56 9 9596 6898,#mosqueto103,http://www.mosqueto103.com/,Santiago,CL,,0,0,chile_santiago_hotel_apify_2026_05_12,apify_google_maps,tourism,,,,
Amoblados Urbano,,+56 9 9131 8444,Amoblados Urbano,http://www.arriendopordiasantiago.cl/,Santiago,CL,,3,2.3,chile_santiago_hotel_apify_2026_05_12,apify_google_maps,tourism,,,,
Hidden Cocktail Room,,+56 2 2838 7005,Hidden Cocktail Room,http://instagram.com/hiddenbar.cl,Santiago,CL,,348,4.1,chile_santiago_hotel_apify_2026_05_12,apify_google_maps,tourism,,,,
Motel Lieben,,+56 2 3254 8531,Motel Lieben,http://www.motellieben.cl/,Santiago,CL,,15,4.1,chile_santiago_hotel_apify_2026_05_12,apify_google_maps,tourism,,,,
SKY Sommelier Rooftop,reservas@sommelierboutique.cl,+56 2 3244 1790,SKY Sommelier Rooftop,https://sommelierboutique.cl/menu-es/,Santiago,CL,,1458,4.6,chile_santiago_hotel_apify_2026_05_12,apify_google_maps,tourism,,,,
Hotel la Castellana,,+56 2 2696 8395,Hotel la Castellana,http://www.lacastellanahotel.cl/,Santiago,CL,,170,4.1,chile_santiago_hotel_apify_2026_05_12,apify_google_maps,tourism,,,,
Hotel Santiago Vintage,,+56 9 8146 5518,Hotel Santiago Vintage,http://www.hotelsantiagovintage.cl/,Santiago,CL,,10,4.5,chile_santiago_hotel_apify_2026_05_12,apify_google_maps,tourism,,,,
Serrano Centro,,+56 9 9768 9600,Serrano Centro,http://serranocentro.cl/web/,Santiago,CL,,17,4.2,chile_santiago_hotel_apify_2026_05_12,apify_google_maps,tourism,,,,
Bounce Luggage Storage - Near Constructora Huaquen Limitada,,+44 1422 400776,Bounce Luggage Storage - Near Constructora Huaquen Limitada,https://bounce.com/stores/santiago/nw99MX?utm_campaign=store_gmbs&utm_medium=website_url&utm_source=gmb,Santiago,CL,,136,4.9,chile_santiago_hotel_apify_2026_05_12,apify_google_maps,tourism,,,,
